<favourites>
  <favourite name="[B]Telemedia 2.0[/B]" thumb="C:\Users\akunh\AppData\Roaming\Kodi\addons\plugin.video.telemedia\icon.png">RunAddon(&quot;plugin.video.telemedia&quot;)</favourite>
    <favourite name="[COLOR lightgreen]התחבר לטלמדיה[/COLOR]">PlayMedia(&quot;plugin://plugin.video.telemedia/?&amp;mode=5&amp;name=%5BCOLOR+lightgreen%5D%D7%94%D7%AA%D7%97%D7%91%D7%A8%5B%2FCOLOR%5D&amp;iconimage=https://achieve.lausd.net/cms/lib/CA01000043/Centricity/domain/779/welligentbuttons/login.png&amp;fanart=https://www.theseanamethod.com/wp-content/uploads/2017/01/login-570317_1280.jpg&amp;description=+&amp;url=www&amp;original_title= &quot;)</favourite>
    <favourite name="[B]עידן פלוס[/B]" thumb="special://home/media/build_icons/Idan_Plus/idan_plus.png">RunAddon(plugin.video.idanplus)</favourite>
    <favourite name="[B]חיפוש תכניות[/B]" thumb="C:\Users\akunh\AppData\Roaming\Kodi\addons\plugin.video.idanplus\icon.png">ActivateWindow(10025,&quot;plugin://plugin.video.idanplus/?iconimage=C%253A%255CUsers%255Cakunh%255CAppData%255CRoaming%255CKodi%255Caddons%255Cplugin.video.idanplus%255Cicon.png&amp;mode=4&amp;module&amp;moredata&amp;name=%5bB%5d%d7%97%d7%99%d7%a4%d7%95%d7%a9%20%d7%aa%d7%9b%d7%a0%d7%99%d7%95%d7%aa%5b%2fB%5d&amp;url&quot;,return)</favourite>
    <favourite name="[B]סרטים פופולריים[/B]">ActivateWindow(10025,&quot;plugin://plugin.video.telemedia/?data=%20&amp;dates=%20&amp;description=Tmdb&amp;eng_name=%20&amp;episode=%20&amp;fanart=https%3a%2f%2fwww.newszii.com%2fwp-content%2fuploads%2f2018%2f08%2fMost-Popular-Action-Movies.png&amp;fav_status=false&amp;groups_id=0&amp;heb_name=%20&amp;iconimage=special%3a%2f%2fhome%2faddons%2fplugin.video.telemedia%2ftele%2fMovies%2fpopular.png&amp;id=%20&amp;image_master&amp;isr=0&amp;last_id&amp;mode=14&amp;name=%d7%a1%d7%a8%d7%98%d7%99%d7%9d%20%d7%a4%d7%95%d7%a4%d7%95%d7%9c%d7%a8%d7%99%d7%99%d7%9d&amp;next_page=0&amp;original_title=%20&amp;season=%20&amp;show_original_year=%20&amp;tmdbid=%20&amp;url=http%3a%2f%2fapi.themoviedb.org%2f3%2fmovie%2fpopular%3fapi_key%3d34142515d9d23817496eeb4ff1d223d0%26language%3dhe%26page%3d1&quot;,return)</favourite>
    <favourite name="[B]ז&apos;אנר[/B]">ActivateWindow(10025,&quot;plugin://plugin.video.telemedia/?data=%20&amp;dates=%20&amp;description=Tmdb&amp;eng_name=%20&amp;episode=%20&amp;fanart=https%3a%2f%2fs.studiobinder.com%2fwp-content%2fuploads%2f2019%2f09%2fMovie-Genres-Types-of-Movies-List-of-Genres-and-Categories-Header-StudioBinder.jpg&amp;fav_status=false&amp;groups_id=0&amp;heb_name=%20&amp;iconimage=special%3a%2f%2fhome%2faddons%2fplugin.video.telemedia%2ftele%2fMovies%2fgenre.png&amp;id=%20&amp;image_master&amp;isr=0&amp;last_id&amp;mode=18&amp;name=%d7%96%27%d7%90%d7%a0%d7%a8&amp;next_page=0&amp;original_title=%20&amp;season=%20&amp;show_original_year=%20&amp;tmdbid=%20&amp;url=http%3a%2f%2fapi.themoviedb.org%2f3%2fgenre%2fmovie%2flist%3fapi_key%3d34142515d9d23817496eeb4ff1d223d0%26language%3dhe%26page%3d1&quot;,return)</favourite>
    <favourite name="[B]סדרות פופולריות[/B]">ActivateWindow(10025,&quot;plugin://plugin.video.telemedia/?auto=webp&amp;data=%20&amp;dates=%20&amp;description=TMDB&amp;eng_name=%20&amp;episode=%20&amp;fanart=https%3a%2f%2fimage.businessinsider.com%2f5d5ea69fcd97841fea3d3b36%3fwidth%3d1100&amp;fav_status=false&amp;format=jpeg&amp;groups_id=0&amp;heb_name=%20&amp;iconimage=special%3a%2f%2fhome%2faddons%2fplugin.video.telemedia%2ftele%2fTv_Show%2fpopular_tv.png&amp;id=%20&amp;image_master&amp;isr=0&amp;last_id&amp;mode=14&amp;name=%d7%a1%d7%93%d7%a8%d7%95%d7%aa%20%d7%a4%d7%95%d7%a4%d7%95%d7%9c%d7%a8%d7%99%d7%95%d7%aa&amp;next_page=0&amp;original_title=%20&amp;season=%20&amp;show_original_year=%20&amp;tmdbid=%20&amp;url=https%3a%2f%2fapi.themoviedb.org%2f3%2fdiscover%2ftv%2f%3fapi_key%3d34142515d9d23817496eeb4ff1d223d0%26language%3dhe%26sort_by%3dpopularity.desc%26include_null_first_air_dates%3dfalse%26with_original_language%3den%26page%3d1&quot;,return)</favourite>
    <favourite name="[B]סדרות ישראליות[/B]">ActivateWindow(10025,&quot;plugin://plugin.video.telemedia/?data=%20&amp;dates=%20&amp;description=%d7%a1%d7%93%d7%a8%d7%95%d7%aa%20%d7%99%d7%a9%d7%a8%d7%90%d7%9c%d7%99%d7%95%d7%aa&amp;eng_name=%20&amp;episode=%20&amp;fanart=http%3a%2f%2fcoldshotproductions.net%2fflachannelbanner.png&amp;fav_status=false&amp;groups_id=0&amp;heb_name=%20&amp;iconimage=special%3a%2f%2fhome%2faddons%2fplugin.video.telemedia%2ftele%2fTv_Show%2fisrael.png&amp;id=%20&amp;image_master&amp;isr=0&amp;last_id&amp;mode=14&amp;name=%d7%a1%d7%93%d7%a8%d7%95%d7%aa%20%d7%99%d7%a9%d7%a8%d7%90%d7%9c%d7%99%d7%95%d7%aa&amp;next_page=0&amp;original_title=%20&amp;season=%20&amp;show_original_year=%20&amp;tmdbid=%20&amp;url=https%3a%2f%2fapi.themoviedb.org%2f3%2fdiscover%2ftv%3fapi_key%3d34142515d9d23817496eeb4ff1d223d0%26language%3dhe%26sort_by%3dpopularity.desc%26include_null_first_air_dates%3dfalse%26with_original_language%3dhe%26page%3d1&quot;,return)</favourite>
    <favourite name="[B]סידור מועדפים[/B]" thumb="special://home/media/build_icons/Order_Favorites/Order_Favorites.png">RunAddon(plugin.program.orderfavourites-hebrew)</favourite>
</favourites>